id,Predicted
2be023f9102,2
a320ba7de7b,3
2879e8fa078,0
a561b6ee65b,2
94c225dd8e9,1
a0037d840d8,4
9fd11982907,1
9633b68e37e,0
4d5f701cdde,2
76f30120e22,4
28c2465b614,1
dd33a84c757,4
163f12bd312,0
88ca1d35cc7,2
6ac3a95e592,2
ef0de1a875f,3
3db94cf0ac1,4
19fbcce11ce,3
7060680aff3,3
360f20f8abe,2
1fde7e7cb78,1
3a321ea7ebe,3
84bab2f9a3e,0
9b8de9b7e94,4
9b1ad8f5342,4
c7a93e7c9e1,2
1796e50351e,2
61751f78a62,3
839e96db73c,3
96a21645407,3
cbff162d0bf,4
0d945610579,1
5d625ed87ac,3
376af82902b,1
a135e2011cb,1
11f073fbf9c,1
1ab4b8ae832,2
7c7d85e71f1,1
53fe064bbbb,4
31f3af1a7d9,1
87205cf8d6e,1
a74c8a3fdac,1
14ed1254cf3,0
cb4afc35d21,4
9a44f32c548,0
afd635f7f6f,0
11d565a676f,4
35724673dfe,2
fbf7f7c8523,3
bd4583ce841,4
81172c6ad69,4
bf9fd1b566e,4
e0bd5de4641,4
c7c97efd2fd,1
f6d81d5c40a,2
96d2c926dd3,2
e9835555f6f,4
6e8b85e3ec1,0
18ac3932b79,0
2a962653209,0
3d150ebbe94,2
2ca9a5254d4,1
8d6e1df8c82,4
eb98a3e05d1,1
71bed81c731,2
4ba8bd9225d,1
83fac5779f3,3
293ae7d9b00,2
5e57bffc4fe,0
f2f01134e82,3
c3825b75992,3
601198f8877,0
abb8e72a508,4
9f20e3a6aa4,1
9d263384e46,0
a02751901f1,0
09b4c4101cf,0
daa8a76141d,2
d0bd016c475,3
173998c73ea,3
93aa75e8834,2
1f58cbf1db5,4
73f050cc69d,4
304d4194d55,4
7a0e3c469e3,3
48b4e61caf0,1
4a6321b150d,3
7b66e7513f9,4
54cf520d296,3
6465db5f12d,4
698b695443b,3
13205c9f7ea,3
7b4b35977ee,2
cb5e1a4f83c,2
7c6e4ebe365,1
85581a4c21b,0
0028e21c39b,2
5c63c4f9742,4
1042ceff095,3
aa29ff583cc,1
adf7be4e258,2
6e93a21e172,4
31da1c16559,4
01897a2e12e,2
de477dde2e5,2
808144390c7,2
67e6c36af15,3
989d4e08ab4,2
1fe7c92c1d2,0
8cc35c70f5b,3
a46de212d19,3
f231e384fcb,3
1495784b607,4
eb650e51f7f,4
de6e9d5218a,1
9fd1faadf6a,2
851f64456bb,1
5c829a289b0,4
6b5a8551a91,1
a0e1651ad5c,4
4baae8112a1,0
e6abcdb4e5d,0
89e447a0b85,0
c92373bae3e,3
9b5c4653bce,0
e8e922e5604,4
16cfcad3b9d,0
5ba683dd764,1
fd17e5dc897,1
3df9cb675fd,1
1c3c5daff73,3
f72d837eff8,1
1737fb70238,3
72eab9a6fd9,2
68cc6eba8af,0
f18cae18697,1
07c2022834b,2
bfbe0fb443a,0
fcd4fb389e4,0
8710a0b3cf0,3
318c261279c,1
baf106c4dab,2
c024289b332,3
7eee5d666c9,3
7d12fb9f6c9,4
583ef1ba1f7,3
a2f458bcbc2,2
53b2e905f99,3
65891dac46f,2
6b91c9cc2a9,3
5e7897fbe91,4
6e1499e5930,0
940e2f6f884,1
4b46e964b55,1
ab72008b288,0
27c591bf85f,4
66fd66bb3ae,4
f2b942165a4,0
a109c972869,4
99e982d57ca,2
638e8da9e1d,0
74890461be3,1
2bff1704d77,4
dbc5493341f,2
91635ca80e1,3
25e0450e6f1,3
ec38cced8db,0
3022d6e0318,3
4c2d37eb93e,0
37f3fd2a560,3
69bab5b69e0,4
f4cb465cc95,1
a3b4ccda9d0,2
b1f161bf013,3
d6dd3c4cf80,2
f66aa73969e,0
7050854f71c,2
0507622af80,2
c02fac7de05,0
25a62d22e3e,2
b0dd85aaddf,4
ca3cddbec33,4
c7f7feab7b5,3
6f257eb3d5b,4
749c8d3974f,3
c099a389099,2
bd2dd7a263b,1
830b66a9648,3
97fc1e5efe9,4
a5025fabf58,4
bb61850a584,3
22a44be4fcd,1
71b2fc10302,3
fa875c90b33,4
be8387ba244,0
20fdda86a43,2
92bf67ed761,3
2e8309a8bcc,2
7a5fff8a2e3,3
36419a8e357,2
0b65cdb092e,4
b3f17e30b44,4
0a4888eab74,0
d6a9998864d,1
aad66f464db,1
e789935018c,2
6e0573bd5af,1
d6e79443900,4
72034771fe0,1
6a3fc8bbedc,3
ae252f4afe8,0
5d49bb84cc0,3
93e186f8766,3
f8c68ea1c6e,0
e3eeb404ba0,3
44deb19dfc9,2
1aff54cec96,3
07c015a7f20,0
66fde19997e,3
3845ddd95dc,2
3433383755c,3
2210f89ef9a,2
ad4b5199ff9,1
4a579774c85,0
f48690eddee,1
1af02613bf8,1
da243690f9c,1
6c3184ed094,3
3d0707239b1,4
4bb4e917735,0
b165cc6babb,0
bbab26ecce4,3
e160fa2214b,1
921e40f4d68,2
5c86aaca989,3
dc81d449843,4
761eb6360ae,1
79ee9914dff,4
b6c4cadfa07,3
427afada6e1,3
a9edd9cce41,3
297802dafae,4
b09c5c781f0,0
0803ba2cec6,3
f3c970e54fe,1
afd26c8771c,0
18ec0d63689,2
08e397e1f07,1
70a0c99c2c5,3
0318504a82d,3
28e20c64c6a,3
498e1aece1a,1
7d8a23acea9,2
cc57d7f6fb8,0
1c3ae4372d5,1
2c5ff71c03b,1
624d2ab3dbb,2
893ea25bd69,4
1386afe214a,0
44b8d16badc,4
f2fd86b1dc7,3
8969025ed06,2
87fa61f849f,2
a4b1bbfe887,4
64916cdb9e4,0
249bd28db80,4
f33336d95a2,3
ae34e99f65c,3
ac09ccb7a4e,2
afe681672a1,0
c476ef11f67,4
3d7e27fac4f,0
94c7216495d,1
e6e94226aaf,1
68bd93d09ce,4
cb1813273e0,3
bc0aad7ecf4,2
12effb276fe,4
94e22afbc50,2
93289ba1d46,2
30e16190e9c,0
966d23413ea,3
47eb0a25044,1
86dda66d1ba,1
8dbc99c9e45,4
f85edc98762,1
1958e5ebc3e,0
a03fbd8a57b,3
b5b4d23c103,1
fb80eabbc34,3
5c9cca669d6,1
becfbe27484,0
a00df618a7a,1
59274274162,3
e040489468b,2
1929506708a,0
886b4289279,3
a20485f239b,3
eb474ad448f,3
97a5aa46bbd,0
b425af43fb4,2
f941a7c351c,3
008baf297b8,2
40ae216c5e2,4
1db38dc69b6,3
edba15398ba,2
4871703e631,0
cdcaba9b1eb,1
1d36f0a472d,4
f36c7141bd5,0
b2038c59833,2
a2a0699a12b,4
12bb89c670b,4
1d3378fef6f,0
e7d7ef84c49,1
d5209c0d28f,4
f0f5a62d98c,2
2c60a301afb,0
5bfba007e8b,1
299e97e5089,4
56b3ea90c42,1
30a71f19dcd,2
8921fc9f235,0
1b9330ae7b5,0
0ecf59464d1,2
991cd35f10e,0
4020ac98e03,2
3796a7570f5,1
a85a775444f,4
4307d2e0089,2
035d691cecc,1
cc52460cd6c,4
efacf1424ad,2
835732ee721,4
11ea1af9390,0
9a7c878a0dc,1
c551f19a4d6,1
f9067839bfe,1
a1625d487c6,1
edb2a42499c,0
45849c52918,1
059fd7648ee,0
bb30e58395b,0
87bf2085497,0
a83bf07713e,1
4dfdd849712,0
d499d0b075f,0
b5ccd435437,4
fbc20206a26,1
c6cfab48832,0
338d0ac3aad,1
8ac2bc1fcf3,3
e6c5d9f04de,2
86e670a97f3,0
6143054f10a,3
268dbebe3ca,3
2a4fc7c32d5,3
9b75e02ae69,4
0b9c375ba5e,2
adcf59d4183,0
ab62e0eada8,0
09ae2556f9b,4
adb7db0f9f6,0
1b9a2997f61,2
67ecd53937c,3
0730af78b8a,1
f90a000acea,2
d66737ffc4a,3
be832afd13d,1
38e76c38fa2,3
9381485a097,3
588e7b5c96b,1
2383ae6e39f,3
38e5c23a96b,2
736742793ca,2
75dad6fd614,1
61c15c058a5,3
9f7042427c5,3
a2448f29e75,4
3b48dd4151e,2
214b29764cc,4
408421263c2,1
1bcf92cd95a,2
f34ba58de87,4
16a6dabc385,1
57e82961151,1
cb37ae8f0fd,4
6da7a57b43b,1
634dd375b56,3
fd4ef28db51,1
